{"cameraMode":{"drawMode":0,"name":"Shaded","section":"Shading Mode"},"sceneLighting":false,"audioPlay":false,"sceneViewState":{"showFog":true,"showMaterialUpdate":false,"showSkybox":true,"showFlares":true,"showImageEffects":true,"showParticleSystems":true},"in2DMode":false,"pivot":{"x":-143.43228149414063,"y":1.131697177886963,"z":-107.86688995361328},"rotation":{"x":-0.004177762661129236,"y":0.9948762655258179,"z":-0.08978143334388733,"w":-0.04629495367407799},"size":10.91325569152832,"orthographic":false}