{"cameraMode":{"drawMode":0,"name":"Shaded","section":"Shading Mode"},"sceneLighting":false,"audioPlay":false,"sceneViewState":{"showFog":true,"showMaterialUpdate":false,"showSkybox":true,"showFlares":true,"showImageEffects":true,"showParticleSystems":true},"in2DMode":false,"pivot":{"x":114.21636199951172,"y":-2.7319040245602466e-15,"z":123.03401184082031},"rotation":{"x":-0.07759371399879456,"y":0.915104329586029,"z":-0.33352312445640566,"w":-0.2128981351852417},"size":22.0,"orthographic":false}