{"cameraMode":{"drawMode":0,"name":"Shaded","section":"Shading Mode"},"sceneLighting":false,"audioPlay":false,"sceneViewState":{"showFog":true,"showMaterialUpdate":false,"showSkybox":true,"showFlares":true,"showImageEffects":true,"showParticleSystems":true},"in2DMode":false,"pivot":{"x":-63.463409423828128,"y":1.9298292398452759,"z":-108.89521789550781},"rotation":{"x":0.03693069890141487,"y":-0.942153811454773,"z":0.11074025183916092,"w":0.31419581174850466},"size":11.570672988891602,"orthographic":false}