{"cameraMode":{"drawMode":0,"name":"Shaded","section":"Shading Mode"},"sceneLighting":false,"audioPlay":false,"sceneViewState":{"showFog":true,"showMaterialUpdate":false,"showSkybox":true,"showFlares":true,"showImageEffects":true,"showParticleSystems":true},"in2DMode":false,"pivot":{"x":8.0,"y":1.9099998474121094,"z":-5.099999904632568},"rotation":{"x":0.12545566260814668,"y":0.8453806638717651,"z":-0.2271537333726883,"w":0.4668976962566376},"size":12.631848335266114,"orthographic":false}