{"cameraMode":{"drawMode":0,"name":"Shaded","section":"Shading Mode"},"sceneLighting":false,"audioPlay":false,"sceneViewState":{"showFog":true,"showMaterialUpdate":false,"showSkybox":true,"showFlares":true,"showImageEffects":true,"showParticleSystems":true},"in2DMode":false,"pivot":{"x":111.00921630859375,"y":-3.898105762603545e-15,"z":175.55506896972657},"rotation":{"x":-0.1234840378165245,"y":0.8649224638938904,"z":-0.41142556071281435,"w":-0.2595956027507782},"size":22.0,"orthographic":false}