{"cameraMode":{"drawMode":0,"name":"Shaded","section":"Shading Mode"},"sceneLighting":false,"audioPlay":false,"sceneViewState":{"showFog":true,"showMaterialUpdate":false,"showSkybox":true,"showFlares":true,"showImageEffects":true,"showParticleSystems":true},"in2DMode":false,"pivot":{"x":-75.27262878417969,"y":4.401163578033447,"z":-95.67660522460938},"rotation":{"x":-0.0024901162832975389,"y":-0.9931050539016724,"z":0.11521905660629273,"w":-0.02146589756011963},"size":20.841087341308595,"orthographic":false}