{"cameraMode":{"drawMode":0,"name":"Shaded","section":"Shading Mode"},"sceneLighting":false,"audioPlay":false,"sceneViewState":{"showFog":true,"showMaterialUpdate":false,"showSkybox":true,"showFlares":true,"showImageEffects":true,"showParticleSystems":true},"in2DMode":false,"pivot":{"x":2.9877166748046877,"y":2.0,"z":-1.27288818359375},"rotation":{"x":-0.12059760093688965,"y":0.010423137806355954,"z":-0.0012663055676966906,"w":-0.9926459789276123},"size":8.083316802978516,"orthographic":false}