{"cameraMode":{"drawMode":0,"name":"Shaded","section":"Shading Mode"},"sceneLighting":false,"audioPlay":false,"sceneViewState":{"showFog":true,"showMaterialUpdate":false,"showSkybox":true,"showFlares":true,"showImageEffects":true,"showParticleSystems":true},"in2DMode":false,"pivot":{"x":-93.7914047241211,"y":11.284198760986329,"z":-82.87548828125},"rotation":{"x":-0.016046300530433656,"y":0.9697738885879517,"z":-0.2342386245727539,"w":-0.06643429398536682},"size":59.72534942626953,"orthographic":false}