{"cameraMode":{"drawMode":0,"name":"Shaded","section":"Shading Mode"},"sceneLighting":false,"audioPlay":false,"sceneViewState":{"showFog":true,"showMaterialUpdate":false,"showSkybox":true,"showFlares":true,"showImageEffects":true,"showParticleSystems":true},"in2DMode":false,"pivot":{"x":73.14862060546875,"y":3.309999942779541,"z":-172.8125762939453},"rotation":{"x":0.007534900214523077,"y":0.9292101860046387,"z":-0.36898744106292727,"w":0.01897449791431427},"size":2.8578836917877199,"orthographic":false}