{"cameraMode":{"drawMode":0,"name":"Shaded","section":"Shading Mode"},"sceneLighting":false,"audioPlay":false,"sceneViewState":{"showFog":true,"showMaterialUpdate":false,"showSkybox":true,"showFlares":true,"showImageEffects":true,"showParticleSystems":true},"in2DMode":false,"pivot":{"x":-148.0864715576172,"y":19.462017059326173,"z":-201.4066925048828},"rotation":{"x":0.016996663063764573,"y":0.965533971786499,"z":-0.06528494507074356,"w":0.2513824999332428},"size":68.15653991699219,"orthographic":false}