{"cameraMode":{"drawMode":0,"name":"Shaded","section":"Shading Mode"},"sceneLighting":false,"audioPlay":false,"sceneViewState":{"showFog":true,"showMaterialUpdate":false,"showSkybox":true,"showFlares":true,"showImageEffects":true,"showParticleSystems":true},"in2DMode":false,"pivot":{"x":-69.59777069091797,"y":1.9613721370697022,"z":-78.32630920410156},"rotation":{"x":0.03693069890141487,"y":-0.942153811454773,"z":0.11074025183916092,"w":0.31419581174850466},"size":7.256443500518799,"orthographic":false}