{"cameraMode":{"drawMode":0,"name":"Shaded","section":"Shading Mode"},"sceneLighting":false,"audioPlay":false,"sceneViewState":{"showFog":true,"showMaterialUpdate":false,"showSkybox":true,"showFlares":true,"showImageEffects":true,"showParticleSystems":true},"in2DMode":false,"pivot":{"x":0.0,"y":-11.568809509277344,"z":28.363189697265626},"rotation":{"x":0.2825971245765686,"y":-0.0023104199208319189,"z":0.0006804175791330636,"w":0.959235668182373},"size":197.34237670898438,"orthographic":false}