{"cameraMode":{"drawMode":0,"name":"Shaded","section":"Shading Mode"},"sceneLighting":false,"audioPlay":false,"sceneViewState":{"showFog":true,"showMaterialUpdate":false,"showSkybox":true,"showFlares":true,"showImageEffects":true,"showParticleSystems":true},"in2DMode":false,"pivot":{"x":-200.94517517089845,"y":16.316131591796876,"z":120.06859588623047},"rotation":{"x":-0.1381865292787552,"y":-0.06231449171900749,"z":0.008712048642337323,"w":-0.9884055852890015},"size":62.765716552734378,"orthographic":false}