{"cameraMode":{"drawMode":0,"name":"Shaded","section":"Shading Mode"},"sceneLighting":false,"audioPlay":false,"sceneViewState":{"showFog":true,"showMaterialUpdate":false,"showSkybox":true,"showFlares":true,"showImageEffects":true,"showParticleSystems":true},"in2DMode":false,"pivot":{"x":15.200000762939454,"y":11.284198760986329,"z":9.299997329711914},"rotation":{"x":-0.03262718394398689,"y":0.9593638777732849,"z":-0.2510104477405548,"w":-0.1247008889913559},"size":59.72534942626953,"orthographic":false}