{"cameraMode":{"drawMode":0,"name":"Shaded","section":"Shading Mode"},"sceneLighting":false,"audioPlay":false,"sceneViewState":{"showFog":true,"showMaterialUpdate":false,"showSkybox":true,"showFlares":true,"showImageEffects":true,"showParticleSystems":true},"in2DMode":false,"pivot":{"x":26.249412536621095,"y":-9.526050567626954,"z":35.17241668701172},"rotation":{"x":0.18478073179721833,"y":-0.3083786964416504,"z":0.061196595430374148,"w":0.9311357140541077},"size":22.0,"orthographic":false}