{"cameraMode":{"drawMode":0,"name":"Shaded","section":"Shading Mode"},"sceneLighting":false,"audioPlay":false,"sceneViewState":{"showFog":true,"showMaterialUpdate":false,"showSkybox":true,"showFlares":true,"showImageEffects":true,"showParticleSystems":true},"in2DMode":false,"pivot":{"x":44.90791702270508,"y":11.284198760986329,"z":8.245990753173829},"rotation":{"x":-0.004572570789605379,"y":-0.995306134223938,"z":0.07569647580385208,"w":-0.0601242333650589},"size":53.700740814208987,"orthographic":false}