{"cameraMode":{"drawMode":0,"name":"Shaded","section":"Shading Mode"},"sceneLighting":false,"audioPlay":false,"sceneViewState":{"showFog":true,"showMaterialUpdate":false,"showSkybox":true,"showFlares":true,"showImageEffects":true,"showParticleSystems":true},"in2DMode":false,"pivot":{"x":-71.82836151123047,"y":-1.7843117713928223,"z":-85.81439971923828},"rotation":{"x":0.00851336121559143,"y":0.9871652722358704,"z":-0.14919550716876985,"w":0.056329578161239627},"size":20.65452003479004,"orthographic":false}