{"cameraMode":{"drawMode":0,"name":"Shaded","section":"Shading Mode"},"sceneLighting":false,"audioPlay":false,"sceneViewState":{"showFog":true,"showMaterialUpdate":false,"showSkybox":true,"showFlares":true,"showImageEffects":true,"showParticleSystems":true},"in2DMode":false,"pivot":{"x":-45.766292572021487,"y":1.7274198532104493,"z":-87.89517974853516},"rotation":{"x":-0.0005666174693033099,"y":0.997975766658783,"z":-0.06295578926801682,"w":-0.00898202508687973},"size":5.216078758239746,"orthographic":false}