{"cameraMode":{"drawMode":0,"name":"Shaded","section":"Shading Mode"},"sceneLighting":false,"audioPlay":false,"sceneViewState":{"showFog":true,"showMaterialUpdate":false,"showSkybox":true,"showFlares":true,"showImageEffects":true,"showParticleSystems":true},"in2DMode":false,"pivot":{"x":-5.333962917327881,"y":-0.06854543089866638,"z":1.2426252365112305},"rotation":{"x":-0.09090474992990494,"y":0.709456741809845,"z":-0.0931132510304451,"w":-0.6926308274269104},"size":1.6055753231048585,"orthographic":false}