{"cameraMode":{"drawMode":0,"name":"Shaded","section":"Shading Mode"},"sceneLighting":false,"audioPlay":false,"sceneViewState":{"showFog":true,"showMaterialUpdate":false,"showSkybox":true,"showFlares":true,"showImageEffects":true,"showParticleSystems":true},"in2DMode":false,"pivot":{"x":93.86881256103516,"y":0.19999979436397553,"z":-157.0149383544922},"rotation":{"x":0.007534900214523077,"y":0.9292101860046387,"z":-0.36898744106292727,"w":0.01897449791431427},"size":7.452635765075684,"orthographic":false}