{"cameraMode":{"drawMode":0,"name":"Shaded","section":"Shading Mode"},"sceneLighting":false,"audioPlay":false,"sceneViewState":{"showFog":true,"showMaterialUpdate":false,"showSkybox":true,"showFlares":true,"showImageEffects":true,"showParticleSystems":true},"in2DMode":false,"pivot":{"x":204.809326171875,"y":-132.03399658203126,"z":74.41490173339844},"rotation":{"x":-0.39897793531417849,"y":-0.0043814112432301048,"z":0.001904840930365026,"w":-0.9169480800628662},"size":22.0,"orthographic":false}