{"cameraMode":{"drawMode":0,"name":"Shaded","section":"Shading Mode"},"sceneLighting":false,"audioPlay":false,"sceneViewState":{"showFog":true,"showMaterialUpdate":false,"showSkybox":true,"showFlares":true,"showImageEffects":true,"showParticleSystems":true},"in2DMode":false,"pivot":{"x":-179.8404541015625,"y":6.03708553314209,"z":180.59890747070313},"rotation":{"x":-0.07628937810659409,"y":0.05949395149946213,"z":-0.004560194443911314,"w":-0.9952987432479858},"size":55.00387191772461,"orthographic":false}