{"cameraMode":{"drawMode":0,"name":"Shaded","section":"Shading Mode"},"sceneLighting":false,"audioPlay":false,"sceneViewState":{"showFog":true,"showMaterialUpdate":false,"showSkybox":true,"showFlares":true,"showImageEffects":true,"showParticleSystems":true},"in2DMode":false,"pivot":{"x":3.329986572265625,"y":2.5,"z":-6.1199951171875},"rotation":{"x":0.017851775512099267,"y":0.9821023344993591,"z":-0.13729669153690339,"w":0.12769469618797303},"size":11.774110794067383,"orthographic":false}