{"cameraMode":{"drawMode":0,"name":"Shaded","section":"Shading Mode"},"sceneLighting":false,"audioPlay":false,"sceneViewState":{"showFog":true,"showMaterialUpdate":false,"showSkybox":true,"showFlares":true,"showImageEffects":true,"showParticleSystems":true},"in2DMode":false,"pivot":{"x":-200.88546752929688,"y":17.60972785949707,"z":-211.27011108398438},"rotation":{"x":0.0002596994745545089,"y":-0.9995895028114319,"z":-0.02699092961847782,"w":-0.009607017040252686},"size":29.357717514038087,"orthographic":false}