{"cameraMode":{"drawMode":0,"name":"Shaded","section":"Shading Mode"},"sceneLighting":false,"audioPlay":false,"sceneViewState":{"showFog":true,"showMaterialUpdate":false,"showSkybox":true,"showFlares":true,"showImageEffects":true,"showParticleSystems":true},"in2DMode":false,"pivot":{"x":-171.75892639160157,"y":0.27104857563972475,"z":-155.02337646484376},"rotation":{"x":0.0016407007351517678,"y":0.9977532625198364,"z":-0.06144610047340393,"w":0.02664909139275551},"size":1.6626043319702149,"orthographic":false}