{"cameraMode":{"drawMode":0,"name":"Shaded","section":"Shading Mode"},"sceneLighting":false,"audioPlay":false,"sceneViewState":{"showFog":true,"showMaterialUpdate":false,"showSkybox":true,"showFlares":true,"showImageEffects":true,"showParticleSystems":true},"in2DMode":false,"pivot":{"x":-85.9856948852539,"y":11.284198760986329,"z":-51.750572204589847},"rotation":{"x":-0.13514597713947297,"y":0.8154710531234741,"z":-0.21127231419086457,"w":-0.5216382741928101},"size":57.0377082824707,"orthographic":false}