{"cameraMode":{"drawMode":0,"name":"Shaded","section":"Shading Mode"},"sceneLighting":false,"audioPlay":false,"sceneViewState":{"showFog":true,"showMaterialUpdate":false,"showSkybox":true,"showFlares":true,"showImageEffects":true,"showParticleSystems":true},"in2DMode":false,"pivot":{"x":37.86610412597656,"y":-4.143980792466629e-15,"z":186.6282958984375},"rotation":{"x":0.27140480279922488,"y":0.5985429286956787,"z":-0.22591333091259004,"w":0.7190612554550171},"size":22.0,"orthographic":false}