{"cameraMode":{"drawMode":0,"name":"Shaded","section":"Shading Mode"},"sceneLighting":false,"audioPlay":false,"sceneViewState":{"showFog":true,"showMaterialUpdate":false,"showSkybox":true,"showFlares":true,"showImageEffects":true,"showParticleSystems":true},"in2DMode":false,"pivot":{"x":-198.42601013183595,"y":12.466489791870118,"z":128.89669799804688},"rotation":{"x":-0.05963563546538353,"y":0.29211944341659548,"z":-0.018254118040204049,"w":-0.9543461799621582},"size":66.05064392089844,"orthographic":false}