{"cameraMode":{"drawMode":0,"name":"Shaded","section":"Shading Mode"},"sceneLighting":false,"audioPlay":false,"sceneViewState":{"showFog":true,"showMaterialUpdate":false,"showSkybox":true,"showFlares":true,"showImageEffects":true,"showParticleSystems":true},"in2DMode":false,"pivot":{"x":-61.15621566772461,"y":14.304336547851563,"z":-66.66326141357422},"rotation":{"x":-0.10217229276895523,"y":0.8711321949958801,"z":-0.2048901915550232,"w":-0.43440723419189455},"size":66.89195251464844,"orthographic":false}