{"cameraMode":{"drawMode":0,"name":"Shaded","section":"Shading Mode"},"sceneLighting":false,"audioPlay":false,"sceneViewState":{"showFog":true,"showMaterialUpdate":false,"showSkybox":true,"showFlares":true,"showImageEffects":true,"showParticleSystems":true},"in2DMode":false,"pivot":{"x":-190.9057159423828,"y":4.197864532470703,"z":-211.5990753173828},"rotation":{"x":-0.00013004011998418719,"y":-0.9996618032455444,"z":0.02550143003463745,"w":-0.005108995828777552},"size":35.50812530517578,"orthographic":false}