{"cameraMode":{"drawMode":0,"name":"Shaded","section":"Shading Mode"},"sceneLighting":false,"audioPlay":false,"sceneViewState":{"showFog":true,"showMaterialUpdate":false,"showSkybox":true,"showFlares":true,"showImageEffects":true,"showParticleSystems":true},"in2DMode":false,"pivot":{"x":0.0,"y":-0.09266870468854904,"z":0.15665744245052339},"rotation":{"x":-0.18198953568935395,"y":-0.6174545288085938,"z":0.14973260462284089,"w":-0.750473141670227},"size":1.3055752515792847,"orthographic":false}