{"cameraMode":{"drawMode":0,"name":"Shaded","section":"Shading Mode"},"sceneLighting":false,"audioPlay":false,"sceneViewState":{"showFog":true,"showMaterialUpdate":false,"showSkybox":true,"showFlares":true,"showImageEffects":true,"showParticleSystems":true},"in2DMode":false,"pivot":{"x":2.441804885864258,"y":3.8837201595306398,"z":2.7813806533813478},"rotation":{"x":-0.12059760093688965,"y":0.010423137806355954,"z":-0.0012663055676966906,"w":-0.9926459789276123},"size":8.447066307067871,"orthographic":false}