{"cameraMode":{"drawMode":0,"name":"Shaded","section":"Shading Mode"},"sceneLighting":false,"audioPlay":false,"sceneViewState":{"showFog":true,"showMaterialUpdate":false,"showSkybox":true,"showFlares":true,"showImageEffects":true,"showParticleSystems":true},"in2DMode":false,"pivot":{"x":-224.97500610351563,"y":0.12399999797344208,"z":-141.37100219726563},"rotation":{"x":0.11262938380241394,"y":0.8536584377288818,"z":-0.20700381696224214,"w":0.46446898579597475},"size":2.8992702960968019,"orthographic":true}