{"cameraMode":{"drawMode":0,"name":"Shaded","section":"Shading Mode"},"sceneLighting":false,"audioPlay":false,"sceneViewState":{"showFog":true,"showMaterialUpdate":false,"showSkybox":true,"showFlares":true,"showImageEffects":true,"showParticleSystems":true},"in2DMode":false,"pivot":{"x":-26.1417293548584,"y":0.07999993115663529,"z":-190.66012573242188},"rotation":{"x":-0.008197286166250706,"y":0.9917159676551819,"z":-0.09700661152601242,"w":-0.08379751443862915},"size":5.9246015548706059,"orthographic":false}