{"cameraMode":{"drawMode":0,"name":"Shaded","section":"Shading Mode"},"sceneLighting":false,"audioPlay":false,"sceneViewState":{"showFog":true,"showMaterialUpdate":false,"showSkybox":true,"showFlares":true,"showImageEffects":true,"showParticleSystems":true},"in2DMode":false,"pivot":{"x":123.54257202148438,"y":14.401339530944825,"z":166.513671875},"rotation":{"x":-0.0466645322740078,"y":-0.5400634407997131,"z":0.030010191723704339,"w":-0.8397936820983887},"size":27.41600227355957,"orthographic":false}