{"cameraMode":{"drawMode":0,"name":"Shaded","section":"Shading Mode"},"sceneLighting":false,"audioPlay":false,"sceneViewState":{"showFog":true,"showMaterialUpdate":false,"showSkybox":true,"showFlares":true,"showImageEffects":true,"showParticleSystems":true},"in2DMode":false,"pivot":{"x":-156.5408935546875,"y":19.548397064208986,"z":76.65917205810547},"rotation":{"x":-0.0404779352247715,"y":0.022173650562763215,"z":0.0008987158071249723,"w":0.9989339709281921},"size":112.21741485595703,"orthographic":false}