{"cameraMode":{"drawMode":0,"name":"Shaded","section":"Shading Mode"},"sceneLighting":false,"audioPlay":false,"sceneViewState":{"showFog":true,"showMaterialUpdate":false,"showSkybox":true,"showFlares":true,"showImageEffects":true,"showParticleSystems":true},"in2DMode":false,"pivot":{"x":51.391448974609378,"y":2.235466718673706,"z":-69.03084564208985},"rotation":{"x":-0.13969871401786805,"y":-0.8602221012115479,"z":0.35300078988075259,"w":-0.34043005108833315},"size":10.916523933410645,"orthographic":false}