{"cameraMode":{"drawMode":0,"name":"Shaded","section":"Shading Mode"},"sceneLighting":false,"audioPlay":false,"sceneViewState":{"showFog":true,"showMaterialUpdate":false,"showSkybox":true,"showFlares":true,"showImageEffects":true,"showParticleSystems":true},"in2DMode":false,"pivot":{"x":-164.86419677734376,"y":10.043228149414063,"z":103.2102279663086},"rotation":{"x":0.12710672616958619,"y":-0.027678469195961953,"z":0.0035480353981256487,"w":0.9914964437484741},"size":89.77120208740235,"orthographic":false}