{"cameraMode":{"drawMode":0,"name":"Shaded","section":"Shading Mode"},"sceneLighting":false,"audioPlay":false,"sceneViewState":{"showFog":true,"showMaterialUpdate":false,"showSkybox":true,"showFlares":true,"showImageEffects":true,"showParticleSystems":true},"in2DMode":false,"pivot":{"x":4.484694480895996,"y":9.835467338562012,"z":61.807029724121097},"rotation":{"x":-0.029995514079928399,"y":1.4975279682971633e-8,"z":1.3330377079956436e-10,"w":-0.9995500445365906},"size":42.067962646484378,"orthographic":false}