{"cameraMode":{"drawMode":0,"name":"Shaded","section":"Shading Mode"},"sceneLighting":false,"audioPlay":false,"sceneViewState":{"showFog":true,"showMaterialUpdate":false,"showSkybox":true,"showFlares":true,"showImageEffects":true,"showParticleSystems":true},"in2DMode":false,"pivot":{"x":39.341190338134769,"y":2.832582473754883,"z":12.578458786010743},"rotation":{"x":-0.13969871401786805,"y":-0.8602221012115479,"z":0.35300078988075259,"w":-0.34043005108833315},"size":12.529475212097168,"orthographic":false}