{"cameraMode":{"drawMode":0,"name":"Shaded","section":"Shading Mode"},"sceneLighting":false,"audioPlay":false,"sceneViewState":{"showFog":true,"showMaterialUpdate":false,"showSkybox":true,"showFlares":true,"showImageEffects":true,"showParticleSystems":true},"in2DMode":false,"pivot":{"x":-97.11891174316406,"y":17.5844783782959,"z":-116.41940307617188},"rotation":{"x":0.001350749982520938,"y":-0.9985846877098084,"z":0.03146868571639061,"w":0.04285440966486931},"size":33.01091766357422,"orthographic":false}