{"cameraMode":{"drawMode":0,"name":"Shaded","section":"Shading Mode"},"sceneLighting":false,"audioPlay":false,"sceneViewState":{"showFog":true,"showMaterialUpdate":false,"showSkybox":true,"showFlares":true,"showImageEffects":true,"showParticleSystems":true},"in2DMode":false,"pivot":{"x":-59.35729217529297,"y":22.0733699798584,"z":-60.579872131347659},"rotation":{"x":-0.029963435605168344,"y":-0.044373005628585818,"z":-0.0013317555421963335,"w":0.9985647201538086},"size":50.09403991699219,"orthographic":false}