{"cameraMode":{"drawMode":0,"name":"Shaded","section":"Shading Mode"},"sceneLighting":false,"audioPlay":false,"sceneViewState":{"showFog":true,"showMaterialUpdate":false,"showSkybox":true,"showFlares":true,"showImageEffects":true,"showParticleSystems":true},"in2DMode":false,"pivot":{"x":-177.732421875,"y":13.924571990966797,"z":-177.48623657226563},"rotation":{"x":0.050935596227645877,"y":-0.04283808916807175,"z":0.002186515834182501,"w":0.9977803826332092},"size":59.13566207885742,"orthographic":false}