{"cameraMode":{"drawMode":0,"name":"Shaded","section":"Shading Mode"},"sceneLighting":false,"audioPlay":false,"sceneViewState":{"showFog":true,"showMaterialUpdate":false,"showSkybox":true,"showFlares":true,"showImageEffects":true,"showParticleSystems":true},"in2DMode":false,"pivot":{"x":-2.6897945404052736,"y":-33.65210723876953,"z":166.8209228515625},"rotation":{"x":-0.13666307926177979,"y":0.06685086339712143,"z":-0.009243964217603207,"w":-0.9883161187171936},"size":175.3372039794922,"orthographic":false}