{"cameraMode":{"drawMode":0,"name":"Shaded","section":"Shading Mode"},"sceneLighting":false,"audioPlay":false,"sceneViewState":{"showFog":true,"showMaterialUpdate":false,"showSkybox":true,"showFlares":true,"showImageEffects":true,"showParticleSystems":true},"in2DMode":false,"pivot":{"x":77.93221282958985,"y":-4.29151725769043,"z":21.677021026611329},"rotation":{"x":-0.019699018448591234,"y":-0.9686193466186523,"z":0.23395992815494538,"w":-0.0815558061003685},"size":27.068923950195314,"orthographic":false}