{"cameraMode":{"drawMode":0,"name":"Shaded","section":"Shading Mode"},"sceneLighting":false,"audioPlay":false,"sceneViewState":{"showFog":true,"showMaterialUpdate":false,"showSkybox":true,"showFlares":true,"showImageEffects":true,"showParticleSystems":true},"in2DMode":false,"pivot":{"x":-76.840087890625,"y":0.5210518836975098,"z":-76.7642593383789},"rotation":{"x":-0.01664290763437748,"y":-0.9828426241874695,"z":0.14493060111999513,"w":-0.11286511272192002},"size":11.437807083129883,"orthographic":false}