{"cameraMode":{"drawMode":0,"name":"Shaded","section":"Shading Mode"},"sceneLighting":false,"audioPlay":false,"sceneViewState":{"showFog":true,"showMaterialUpdate":false,"showSkybox":true,"showFlares":true,"showImageEffects":true,"showParticleSystems":true},"in2DMode":false,"pivot":{"x":17.29428482055664,"y":0.000003814697265625,"z":-20.143274307250978},"rotation":{"x":0.28460320830345156,"y":0.15385617315769196,"z":-0.0463319756090641,"w":0.9450834393501282},"size":22.0,"orthographic":false}