{"cameraMode":{"drawMode":0,"name":"Shaded","section":"Shading Mode"},"sceneLighting":false,"audioPlay":false,"sceneViewState":{"showFog":true,"showMaterialUpdate":false,"showSkybox":true,"showFlares":true,"showImageEffects":true,"showParticleSystems":true},"in2DMode":false,"pivot":{"x":0.42528674006462099,"y":4.527864456176758,"z":16.761903762817384},"rotation":{"x":0.03748995065689087,"y":0.011083669029176236,"z":-0.00041596050141379237,"w":0.9992355108261108},"size":22.0,"orthographic":false}