{"cameraMode":{"drawMode":0,"name":"Shaded","section":"Shading Mode"},"sceneLighting":false,"audioPlay":false,"sceneViewState":{"showFog":true,"showMaterialUpdate":false,"showSkybox":true,"showFlares":true,"showImageEffects":true,"showParticleSystems":true},"in2DMode":false,"pivot":{"x":-73.94154357910156,"y":12.210397720336914,"z":23.55980682373047},"rotation":{"x":0.1251697838306427,"y":0.08826829493045807,"z":-0.011181396432220936,"w":0.9881377816200256},"size":42.07358169555664,"orthographic":false}