{"cameraMode":{"drawMode":0,"name":"Shaded","section":"Shading Mode"},"sceneLighting":false,"audioPlay":false,"sceneViewState":{"showFog":true,"showMaterialUpdate":false,"showSkybox":true,"showFlares":true,"showImageEffects":true,"showParticleSystems":true},"in2DMode":false,"pivot":{"x":-0.6252238750457764,"y":2.781496047973633,"z":-0.5625355243682861},"rotation":{"x":0.017851775512099267,"y":0.9821023344993591,"z":-0.13729669153690339,"w":0.12769469618797303},"size":16.27033805847168,"orthographic":false}