{"cameraMode":{"drawMode":0,"name":"Shaded","section":"Shading Mode"},"sceneLighting":false,"audioPlay":false,"sceneViewState":{"showFog":true,"showMaterialUpdate":false,"showSkybox":true,"showFlares":true,"showImageEffects":true,"showParticleSystems":true},"in2DMode":false,"pivot":{"x":-168.7965545654297,"y":1.0116552114486695,"z":-152.19003295898438},"rotation":{"x":0.004268405493348837,"y":-0.9867938160896301,"z":0.15976500511169434,"w":0.026360051706433297},"size":5.837392330169678,"orthographic":false}