{"cameraMode":{"drawMode":0,"name":"Shaded","section":"Shading Mode"},"sceneLighting":false,"audioPlay":false,"sceneViewState":{"showFog":true,"showMaterialUpdate":false,"showSkybox":true,"showFlares":true,"showImageEffects":true,"showParticleSystems":true},"in2DMode":false,"pivot":{"x":34.91460037231445,"y":31.46583366394043,"z":77.28364562988281},"rotation":{"x":0.002999762771651149,"y":0.010499757714569569,"z":0.00003151280543534085,"w":-0.9999403953552246},"size":49.78965377807617,"orthographic":false}