{"cameraMode":{"drawMode":0,"name":"Shaded","section":"Shading Mode"},"sceneLighting":false,"audioPlay":false,"sceneViewState":{"showFog":true,"showMaterialUpdate":false,"showSkybox":true,"showFlares":true,"showImageEffects":true,"showParticleSystems":true},"in2DMode":false,"pivot":{"x":0.0,"y":7.6449995040893559,"z":0.19500012695789338},"rotation":{"x":0.011360088363289833,"y":-0.091681107878685,"z":0.0010475076269358397,"w":0.9957231283187866},"size":119.26189422607422,"orthographic":false}