{"cameraMode":{"drawMode":0,"name":"Shaded","section":"Shading Mode"},"sceneLighting":true,"audioPlay":false,"sceneViewState":{"showFog":true,"showMaterialUpdate":false,"showSkybox":true,"showFlares":true,"showImageEffects":true,"showParticleSystems":true},"in2DMode":false,"pivot":{"x":49.857574462890628,"y":-3.2055912017822267,"z":50.55293273925781},"rotation":{"x":0.2645396590232849,"y":0.4603675305843353,"z":-0.1458958238363266,"w":0.8347424864768982},"size":47.131317138671878,"orthographic":false}